-- Joan Andoni
-- Alejandra Tubilla

-- Tarea 1
-- FILL THE DATABASE in db2

-- Elecciones
INSERT INTO elecciones(id_elecciones, localidad, fecha, EStart, EEnd) VALUES( 1, 'CDMX', '2019-01-27', '2018-06-10', '2024-06-10')
INSERT INTO elecciones(id_elecciones, localidad, fecha, EStart, EEnd) VALUES( 2, 'Ciudad de Mexico', '2003-06-22', '2018-06-10', '2024-06-10')
INSERT INTO elecciones(id_elecciones, localidad, fecha, EStart, EEnd) VALUES( 3, 'Acapulco', '2010-04-12', '2018-06-10', '2024-06-10')
INSERT INTO elecciones(id_elecciones, localidad, fecha, EStart, EEnd) VALUES( 4, 'Guadalajara', '2017-03-25', '2018-06-10', '2024-06-10')

SELECT * FROM elecciones

-- Colegios
INSERT INTO colegio(id_colegio, numeroElectores, id_elecciones, EStart, EEnd) VALUES(1, 2000, 1, '2018-06-10', '2018-06-30')
INSERT INTO colegio(id_colegio, numeroElectores, id_elecciones, EStart, EEnd) VALUES(2, 450, 2, '2018-06-10', '2018-06-30')
INSERT INTO colegio(id_colegio, numeroElectores, id_elecciones, EStart, EEnd) VALUES(3, 756, 3, '2018-06-10', '2018-06-30')
INSERT INTO colegio(id_colegio, numeroElectores, id_elecciones, EStart, EEnd) VALUES(4, 203, 4, '2018-06-10', '2018-06-30')
INSERT INTO colegio(id_colegio, numeroElectores, id_elecciones, EStart, EEnd) VALUES(5, 1607, 1, '2018-06-10', '2018-06-30')
INSERT INTO colegio(id_colegio, numeroElectores, id_elecciones, EStart, EEnd) VALUES(6, 1932, 2, '2018-06-10', '2018-06-30')
INSERT INTO colegio(id_colegio, numeroElectores, id_elecciones, EStart, EEnd) VALUES(7, 210, 3, '2018-06-10', '2018-06-30')
INSERT INTO colegio(id_colegio, numeroElectores, id_elecciones, EStart, EEnd) VALUES(8, 430, 4, '2018-06-10', '2018-06-30')
INSERT INTO colegio(id_colegio, numeroElectores, id_elecciones, EStart, EEnd) VALUES(9, 987, 1, '2018-06-10', '2018-06-30')
INSERT INTO colegio(id_colegio, numeroElectores, id_elecciones, EStart, EEnd) VALUES(10, 1432, 2, '2018-06-10', '2018-06-30')

SELECT * FROM colegio

-- Mesas
INSERT INTO mesa(id_mesa, noMesa, id_colegio, EStart, EEnd) VALUES(1, 1, 1, '2018-06-10', '2018-06-30')
INSERT INTO mesa(id_mesa, noMesa, id_colegio, EStart, EEnd) VALUES(2, 2, 1, '2018-06-10', '2018-06-30')
INSERT INTO mesa(id_mesa, noMesa, id_colegio, EStart, EEnd) VALUES(3, 1, 2, '2018-06-10', '2018-06-30')
INSERT INTO mesa(id_mesa, noMesa, id_colegio, EStart, EEnd) VALUES(4, 2, 2, '2018-06-10', '2018-06-30')
INSERT INTO mesa(id_mesa, noMesa, id_colegio, EStart, EEnd) VALUES(5, 1, 3, '2018-06-10', '2018-06-30')
INSERT INTO mesa(id_mesa, noMesa, id_colegio, EStart, EEnd) VALUES(6, 2, 3, '2018-06-10', '2018-06-30')
INSERT INTO mesa(id_mesa, noMesa, id_colegio, EStart, EEnd) VALUES(7, 1, 4, '2018-06-10', '2018-06-30')
INSERT INTO mesa(id_mesa, noMesa, id_colegio, EStart, EEnd) VALUES(8, 2, 4, '2018-06-10', '2018-06-30')
INSERT INTO mesa(id_mesa, noMesa, id_colegio, EStart, EEnd) VALUES(9, 1, 5, '2018-06-10', '2018-06-30')
INSERT INTO mesa(id_mesa, noMesa, id_colegio, EStart, EEnd) VALUES(10, 2, 5, '2018-06-10', '2018-06-30')
INSERT INTO mesa(id_mesa, noMesa, id_colegio, EStart, EEnd) VALUES(11, 1, 6, '2018-06-10', '2018-06-30')
INSERT INTO mesa(id_mesa, noMesa, id_colegio, EStart, EEnd) VALUES(12, 2, 6, '2018-06-10', '2018-06-30')
INSERT INTO mesa(id_mesa, noMesa, id_colegio, EStart, EEnd) VALUES(13, 1, 7, '2018-06-10', '2018-06-30')
INSERT INTO mesa(id_mesa, noMesa, id_colegio, EStart, EEnd) VALUES(14, 2, 7, '2018-06-10', '2018-06-30')
INSERT INTO mesa(id_mesa, noMesa, id_colegio, EStart, EEnd) VALUES(15, 1, 8, '2018-06-10', '2018-06-30')
INSERT INTO mesa(id_mesa, noMesa, id_colegio, EStart, EEnd) VALUES(16, 2, 8, '2018-06-10', '2018-06-30')
INSERT INTO mesa(id_mesa, noMesa, id_colegio, EStart, EEnd) VALUES(17, 1, 9, '2018-06-10', '2018-06-30')
INSERT INTO mesa(id_mesa, noMesa, id_colegio, EStart, EEnd) VALUES(18, 2, 9, '2018-06-10', '2018-06-30')
INSERT INTO mesa(id_mesa, noMesa, id_colegio, EStart, EEnd) VALUES(19, 1, 10, '2018-06-10', '2018-06-30')
INSERT INTO mesa(id_mesa, noMesa, id_colegio, EStart, EEnd) VALUES(20, 2, 10, '2018-06-10', '2018-06-30')

SELECT * FROM mesa

-- Roles
INSERT INTO rol(rol, id_mesa, EStart, EEnd) VALUES('Presidente', 1, '2018-06-10', '2018-06-30')
INSERT INTO rol(rol, id_mesa, EStart, EEnd) VALUES('Vocal', 1, '2018-06-10', '2018-06-30')
INSERT INTO rol(rol, id_mesa, EStart, EEnd) VALUES('Suplente', 1, '2018-06-10', '2018-06-30')
INSERT INTO rol(rol, id_mesa, EStart, EEnd) VALUES('Presidente', 2, '2018-06-10', '2018-06-30')
INSERT INTO rol(rol, id_mesa, EStart, EEnd) VALUES('Vocal', 2, '2018-06-10', '2018-06-30')
INSERT INTO rol(rol, id_mesa, EStart, EEnd) VALUES('Suplente', 2, '2018-06-10', '2018-06-30')
INSERT INTO rol(rol, id_mesa, EStart, EEnd) VALUES('Presidente', 3, '2018-06-10', '2018-06-30')
INSERT INTO rol(rol, id_mesa, EStart, EEnd) VALUES('Vocal', 3, '2018-06-10', '2018-06-30')
INSERT INTO rol(rol, id_mesa, EStart, EEnd) VALUES('Suplente', 3, '2018-06-10', '2018-06-30')
INSERT INTO rol(rol, id_mesa, EStart, EEnd) VALUES('Presidente', 4, '2018-06-10', '2018-06-30')
INSERT INTO rol(rol, id_mesa, EStart, EEnd) VALUES('Vocal', 4, '2018-06-10', '2018-06-30')
INSERT INTO rol(rol, id_mesa, EStart, EEnd) VALUES('Suplente', 4, '2018-06-10', '2018-06-30')
INSERT INTO rol(rol, id_mesa, EStart, EEnd) VALUES('Presidente', 5, '2018-06-10', '2018-06-30')
INSERT INTO rol(rol, id_mesa, EStart, EEnd) VALUES('Vocal', 5, '2018-06-10', '2018-06-30')
INSERT INTO rol(rol, id_mesa, EStart, EEnd) VALUES('Suplente', 5, '2018-06-10', '2018-06-30')
INSERT INTO rol(rol, id_mesa, EStart, EEnd) VALUES('Presidente', 6, '2018-06-10', '2018-06-30')
INSERT INTO rol(rol, id_mesa, EStart, EEnd) VALUES('Vocal', 6, '2018-06-10', '2018-06-30')
INSERT INTO rol(rol, id_mesa, EStart, EEnd) VALUES('Suplente', 6, '2018-06-10', '2018-06-30')
INSERT INTO rol(rol, id_mesa, EStart, EEnd) VALUES('Presidente', 7, '2018-06-10', '2018-06-30')
INSERT INTO rol(rol, id_mesa, EStart, EEnd) VALUES('Vocal', 7, '2018-06-10', '2018-06-30')
INSERT INTO rol(rol, id_mesa, EStart, EEnd) VALUES('Suplente', 7, '2018-06-10', '2018-06-30')
INSERT INTO rol(rol, id_mesa, EStart, EEnd) VALUES('Presidente', 8, '2018-06-10', '2018-06-30')
INSERT INTO rol(rol, id_mesa, EStart, EEnd) VALUES('Vocal', 8, '2018-06-10', '2018-06-30')
INSERT INTO rol(rol, id_mesa, EStart, EEnd) VALUES('Suplente', 8, '2018-06-10', '2018-06-30')
INSERT INTO rol(rol, id_mesa, EStart, EEnd) VALUES('Presidente', 9, '2018-06-10', '2018-06-30')
INSERT INTO rol(rol, id_mesa, EStart, EEnd) VALUES('Vocal', 9, '2018-06-10', '2018-06-30')
INSERT INTO rol(rol, id_mesa, EStart, EEnd) VALUES('Suplente', 9, '2018-06-10', '2018-06-30')
INSERT INTO rol(rol, id_mesa, EStart, EEnd) VALUES('Presidente', 10, '2018-06-10', '2018-06-30')
INSERT INTO rol(rol, id_mesa, EStart, EEnd) VALUES('Vocal', 10, '2018-06-10', '2018-06-30')
INSERT INTO rol(rol, id_mesa, EStart, EEnd) VALUES('Suplente', 10, '2018-06-10', '2018-06-30')
INSERT INTO rol(rol, id_mesa, EStart, EEnd) VALUES('Presidente', 11, '2018-06-10', '2018-06-30')
INSERT INTO rol(rol, id_mesa, EStart, EEnd) VALUES('Vocal', 11, '2018-06-10', '2018-06-30')
INSERT INTO rol(rol, id_mesa, EStart, EEnd) VALUES('Suplente', 11, '2018-06-10', '2018-06-30')
INSERT INTO rol(rol, id_mesa, EStart, EEnd) VALUES('Presidente', 12, '2018-06-10', '2018-06-30')
INSERT INTO rol(rol, id_mesa, EStart, EEnd) VALUES('Vocal', 12, '2018-06-10', '2018-06-30')
INSERT INTO rol(rol, id_mesa, EStart, EEnd) VALUES('Suplente', 12, '2018-06-10', '2018-06-30')
INSERT INTO rol(rol, id_mesa, EStart, EEnd) VALUES('Presidente', 13, '2018-06-10', '2018-06-30')
INSERT INTO rol(rol, id_mesa, EStart, EEnd) VALUES('Vocal', 13, '2018-06-10', '2018-06-30')
INSERT INTO rol(rol, id_mesa, EStart, EEnd) VALUES('Suplente', 13, '2018-06-10', '2018-06-30')
INSERT INTO rol(rol, id_mesa, EStart, EEnd) VALUES('Presidente', 14, '2018-06-10', '2018-06-30')
INSERT INTO rol(rol, id_mesa, EStart, EEnd) VALUES('Vocal', 14, '2018-06-10', '2018-06-30')
INSERT INTO rol(rol, id_mesa, EStart, EEnd) VALUES('Suplente', 14, '2018-06-10', '2018-06-30')
INSERT INTO rol(rol, id_mesa, EStart, EEnd) VALUES('Presidente', 15, '2018-06-10', '2018-06-30')
INSERT INTO rol(rol, id_mesa, EStart, EEnd) VALUES('Vocal', 15, '2018-06-10', '2018-06-30')
INSERT INTO rol(rol, id_mesa, EStart, EEnd) VALUES('Suplente', 15, '2018-06-10', '2018-06-30')
INSERT INTO rol(rol, id_mesa, EStart, EEnd) VALUES('Presidente', 16, '2018-06-10', '2018-06-30')
INSERT INTO rol(rol, id_mesa, EStart, EEnd) VALUES('Vocal', 16, '2018-06-10', '2018-06-30')
INSERT INTO rol(rol, id_mesa, EStart, EEnd) VALUES('Suplente', 16, '2018-06-10', '2018-06-30')
INSERT INTO rol(rol, id_mesa, EStart, EEnd) VALUES('Presidente', 17, '2018-06-10', '2018-06-30')
INSERT INTO rol(rol, id_mesa, EStart, EEnd) VALUES('Vocal', 17, '2018-06-10', '2018-06-30')
INSERT INTO rol(rol, id_mesa, EStart, EEnd) VALUES('Suplente', 17, '2018-06-10', '2018-06-30')
INSERT INTO rol(rol, id_mesa, EStart, EEnd) VALUES('Presidente', 18, '2018-06-10', '2018-06-30')
INSERT INTO rol(rol, id_mesa, EStart, EEnd) VALUES('Vocal', 18, '2018-06-10', '2018-06-30')
INSERT INTO rol(rol, id_mesa, EStart, EEnd) VALUES('Suplente', 18, '2018-06-10', '2018-06-30')
INSERT INTO rol(rol, id_mesa, EStart, EEnd) VALUES('Presidente', 19, '2018-06-10', '2018-06-30')
INSERT INTO rol(rol, id_mesa, EStart, EEnd) VALUES('Vocal', 19, '2018-06-10', '2018-06-30')
INSERT INTO rol(rol, id_mesa, EStart, EEnd) VALUES('Suplente', 19, '2018-06-10', '2018-06-30')
INSERT INTO rol(rol, id_mesa, EStart, EEnd) VALUES('Presidente', 20, '2018-06-10', '2018-06-30')
INSERT INTO rol(rol, id_mesa, EStart, EEnd) VALUES('Vocal', 20, '2018-06-10', '2018-06-30')
INSERT INTO rol(rol, id_mesa, EStart, EEnd) VALUES('Suplente', 20, '2018-06-10', '2018-06-30')

SELECT * FROM rol

-- Partido
INSERT INTO partido(siglas, nombre, presidente, EStart, EEnd) VALUES('PAN','Partido Accion Nacional', 'Joan', '2018-06-10', '2024-06-10')
INSERT INTO partido(siglas, nombre, presidente, EStart, EEnd) VALUES('PRI','Partido Revolucioario Inst', 'Maria', '2018-06-10', '2024-06-10')
INSERT INTO partido(siglas, nombre, presidente, EStart, EEnd) VALUES('PRD','Partido Revolucion Democratica', 'Sofia', '2018-06-10', '2024-06-10')
INSERT INTO partido(siglas, nombre, presidente, EStart, EEnd) VALUES('PPT','Partido Por Trabajo', 'Juan', '2018-06-10', '2024-06-10')
INSERT INTO partido(siglas, nombre, presidente, EStart, EEnd) VALUES('PBD','Partido Base Datos', 'Axel', '2018-06-10', '2024-06-10')

SELECT * FROM partido

-- Votante
INSERT INTO votante (IFE, nombre, fechaNacimiento, direccion, nacionalidad, id_mesa, id_partido, id_rol, mesa_rol, EStart, EEnd) VALUES ('28-406-6166', 'Holden Bore', '1981-02-22', '8866 Becker Point', 'Mexico', 4, 'PAN', 'Presidente', 12, '2018-06-10', '2018-06-30')
INSERT INTO votante (IFE, nombre, fechaNacimiento, direccion, nacionalidad, id_mesa, id_partido, id_rol, mesa_rol, EStart, EEnd) VALUES ('78-485-0017', 'Chiquia Denyukhin', '1950-11-23', '00251 Hoepker Parkway', 'Mexico', 15, 'PBD', 'Suplente', 11, '2018-06-10', '2018-06-30')
INSERT INTO votante (IFE, nombre, fechaNacimiento, direccion, nacionalidad, id_mesa, id_partido, id_rol, mesa_rol, EStart, EEnd) VALUES ('54-404-6393', 'Louisette Puleque', '1998-11-06', '1 Buena Vista Avenue', 'Mexico', 9, 'PRD', 'Vocal', 5, '2018-06-10', '2018-06-30')
INSERT INTO votante (IFE, nombre, fechaNacimiento, direccion, nacionalidad, id_mesa, id_partido, id_rol, mesa_rol, EStart, EEnd) VALUES ('82-096-3905', 'Rubina Hagwood', '1956-02-21', '813 Manley Alley', 'Mexico', 13, 'PBD', 'Presidente', 6, '2018-06-10', '2018-06-30')
INSERT INTO votante (IFE, nombre, fechaNacimiento, direccion, nacionalidad, id_mesa, id_partido, id_rol, mesa_rol, EStart, EEnd) VALUES ('43-244-5146', 'Kristoffer Gellibrand', '1983-10-15', '8 Utah Trail', 'Mexico', 10, 'PRI', 'Presidente', 3, '2018-06-10', '2018-06-30')
INSERT INTO votante (IFE, nombre, fechaNacimiento, direccion, nacionalidad, id_mesa, id_partido, id_rol, mesa_rol, EStart, EEnd) VALUES ('22-329-6105', 'Averil Thorowgood', '1961-05-08', '43 Golf Course Crossing', 'Mexico', 9, 'PRD', 'Presidente', 4, '2018-06-10', '2018-06-30')
INSERT INTO votante (IFE, nombre, fechaNacimiento, direccion, nacionalidad, id_mesa, id_partido, id_rol, mesa_rol, EStart, EEnd) VALUES ('92-711-5118', 'Christophorus Domenichelli', '1977-06-21', '6994 Dottie Point', 'Mexico', 7, 'PRI', 'Vocal', 12, '2018-06-10', '2018-06-30')
INSERT INTO votante (IFE, nombre, fechaNacimiento, direccion, nacionalidad, id_mesa, id_partido, id_rol, mesa_rol, EStart, EEnd) VALUES ('37-451-9186', 'Candide Lally', '1969-08-14', '405 Northwestern Road', 'Mexico', 9, 'PBD', 'Presidente', 8, '2018-06-10', '2018-06-30')
INSERT INTO votante (IFE, nombre, fechaNacimiento, direccion, nacionalidad, id_mesa, id_partido, id_rol, mesa_rol, EStart, EEnd) VALUES ('38-895-8062', 'Stafford Axup', '1923-07-10', '159 Donald Hill', 'Mexico', 17, 'PBD','Presidente', 13, '2018-06-10', '2018-06-30')
INSERT INTO votante (IFE, nombre, fechaNacimiento, direccion, nacionalidad, id_mesa, id_partido, EStart, EEnd) VALUES ('56-930-2505', 'Margot Sirl', '1990-05-03', '1832 Buhler Road', 'Brazil', 2, 'PRD', '2018-06-10', '2018-06-30')
INSERT INTO votante (IFE, nombre, fechaNacimiento, direccion, nacionalidad, id_mesa, id_partido, id_rol, mesa_rol, EStart, EEnd) VALUES ('19-789-9322', 'Courtney Cuchey', '1928-02-03', '102 Judy Hill', 'Mexico', 20, 'PBD', 'Suplente', 9, '2018-06-10', '2018-06-30')
INSERT INTO votante (IFE, nombre, fechaNacimiento, direccion, nacionalidad, id_mesa, id_partido, id_rol, mesa_rol, EStart, EEnd) VALUES ('14-975-0110', 'Rafferty Train', '1936-09-16', '8738 Blue Bill Park Hill', 'Mexico', 3, 'PBD', 'Presidente', 9, '2018-06-10', '2018-06-30')
INSERT INTO votante (IFE, nombre, fechaNacimiento, direccion, nacionalidad, id_mesa, id_partido, EStart, EEnd) VALUES ('47-977-3066', 'Giacobo Bendel', '1951-07-29', '617 Katie Crossing', 'Brazil', 7, 'PBD', '2018-06-10', '2018-06-30')
INSERT INTO votante (IFE, nombre, fechaNacimiento, direccion, nacionalidad, id_mesa, id_partido, id_rol, mesa_rol, EStart, EEnd) VALUES ('19-800-4911', 'Gian Ledbury', '1987-06-04', '598 3rd Lane', 'Mexico', 20, 'PBD', 'Vocal', 4, '2018-06-10', '2018-06-30')
INSERT INTO votante (IFE, nombre, fechaNacimiento, direccion, nacionalidad, id_mesa, id_partido, id_rol, mesa_rol, EStart, EEnd) VALUES ('64-564-3284', 'Cary Benoist', '1937-11-22', '460 Jackson Terrace', 'Mexico', 13, 'PBD', 'Presidente', 10, '2018-06-10', '2018-06-30')
INSERT INTO votante (IFE, nombre, fechaNacimiento, direccion, nacionalidad, id_mesa, id_partido, id_rol, mesa_rol, EStart, EEnd) VALUES ('17-090-5971', 'Johny Rankmore', '1949-11-01', '93 Stone Corner Park', 'Mexico', 3, 'PAN', 'Presidente', 7, '2018-06-10', '2018-06-30')
INSERT INTO votante (IFE, nombre, fechaNacimiento, direccion, nacionalidad, id_mesa, id_partido, EStart, EEnd) VALUES ('13-320-4852', 'Stevena Aplin', '1963-10-26', '9539 Little Fleur Terrace', 'Brazil', 16, 'PAN', '2018-06-10', '2018-06-30')
INSERT INTO votante (IFE, nombre, fechaNacimiento, direccion, nacionalidad, id_mesa, id_partido, id_rol, mesa_rol, EStart, EEnd) VALUES ('02-803-3068', 'Lazarus Schimpke', '1929-08-07', '59 Shelley Pass', 'Mexico', 20, 'PAN', 'Vocal', 2, '2018-06-10', '2018-06-30')
INSERT INTO votante (IFE, nombre, fechaNacimiento, direccion, nacionalidad, id_mesa, id_partido, id_rol, mesa_rol, EStart, EEnd) VALUES ('09-579-9637', 'Kelcy Edgeler', '1980-05-30', '82666 Loomis Street', 'Mexico', 17, 'PRD', 'Suplente', 1, '2018-06-10', '2018-06-30')
INSERT INTO votante (IFE, nombre, fechaNacimiento, direccion, nacionalidad, id_mesa, id_partido, EStart, EEnd) VALUES ('95-668-8608', 'Carole Digg', '1971-03-04', '9 Delaware Parkway', 'Brazil', 19, 'PBD', '2018-06-10', '2018-06-30')
INSERT INTO votante (IFE, nombre, fechaNacimiento, direccion, nacionalidad, id_mesa, id_partido, EStart, EEnd) VALUES ('41-979-9416', 'Claudianus Fitt', '1988-12-09', '1 Rigney Circle', 'Mexico', 2, 'PRD', '2018-06-10', '2018-06-30')
INSERT INTO votante (IFE, nombre, fechaNacimiento, direccion, nacionalidad, id_mesa, id_partido, EStart, EEnd) VALUES ('55-243-9536', 'Maire Petris', '1972-11-13', '21389 Jackson Trail', 'Mexico', 20, 'PBD', '2018-06-10', '2018-06-30')
INSERT INTO votante (IFE, nombre, fechaNacimiento, direccion, nacionalidad, id_mesa, id_partido, EStart, EEnd) VALUES ('64-189-5167', 'Stevie Sink', '1965-05-21', '96741 Toban Parkway', 'Mexico', 15, 'PBD', '2018-06-10', '2018-06-30')
INSERT INTO votante (IFE, nombre, fechaNacimiento, direccion, nacionalidad, id_mesa, id_partido, EStart, EEnd) VALUES ('06-646-1202', 'Samuele Bartrap', '1974-04-24', '383 Russell Circle', 'Brazil', 14, 'PAN', '2018-06-10', '2018-06-30')
INSERT INTO votante (IFE, nombre, fechaNacimiento, direccion, nacionalidad, id_mesa, id_partido, EStart, EEnd) VALUES ('63-452-1894', 'Hetti Ponte', '1937-05-28', '6312 Pawling Point', 'Mexico', 2, 'PRI', '2018-06-10', '2018-06-30')
INSERT INTO votante (IFE, nombre, fechaNacimiento, direccion, nacionalidad, id_mesa, id_partido, EStart, EEnd) VALUES ('13-463-3952', 'Wallis Ellin', '1956-11-07', '13 Ronald Regan Trail', 'Mexico', 20, 'PBD', '2018-06-10', '2018-06-30')
INSERT INTO votante (IFE, nombre, fechaNacimiento, direccion, nacionalidad, id_mesa, id_partido, EStart, EEnd) VALUES ('27-168-9740', 'Olav Shawell', '1999-02-09', '1806 Eagan Parkway', 'Mexico', 17, 'PBD', '2018-06-10', '2018-06-30')
INSERT INTO votante (IFE, nombre, fechaNacimiento, direccion, nacionalidad, id_mesa, id_partido, EStart, EEnd) VALUES ('98-783-2032', 'Berta Trodden', '1947-04-18', '618 Sutherland Court', 'Mexico', 11, 'PRI', '2018-06-10', '2018-06-30')
INSERT INTO votante (IFE, nombre, fechaNacimiento, direccion, nacionalidad, id_mesa, id_partido, EStart, EEnd) VALUES ('25-968-1037', 'Gualterio Innocenti', '1992-09-01', '4373 West Center', 'Mexico', 15, 'PAN', '2018-06-10', '2018-06-30')
INSERT INTO votante (IFE, nombre, fechaNacimiento, direccion, nacionalidad, id_mesa, id_partido, EStart, EEnd) VALUES ('25-169-2265', 'Doe Clapham', '1977-02-16', '4451 Columbus Avenue', 'Mexico', 15, 'PAN', '2018-06-10', '2018-06-30')
INSERT INTO votante (IFE, nombre, fechaNacimiento, direccion, nacionalidad, id_mesa, id_partido, EStart, EEnd) VALUES ('66-102-8964', 'Ciel Mottinelli', '1930-02-24', '19 Redwing Avenue', 'Mexico', 2, 'PRI', '2018-06-10', '2018-06-30')
INSERT INTO votante (IFE, nombre, fechaNacimiento, direccion, nacionalidad, id_mesa, id_partido, EStart, EEnd) VALUES ('81-209-5544', 'Lyndell Woodburn', '1926-06-05', '55 Rutledge Road', 'Mexico', 16, 'PRI', '2018-06-10', '2018-06-30')
INSERT INTO votante (IFE, nombre, fechaNacimiento, direccion, nacionalidad, id_mesa, id_partido, EStart, EEnd) VALUES ('77-105-3351', 'Karalee Jordon', '1936-04-13', '992 Truax Place', 'Mexico', 2, 'PRI', '2018-06-10', '2018-06-30')
INSERT INTO votante (IFE, nombre, fechaNacimiento, direccion, nacionalidad, id_mesa, id_partido, EStart, EEnd) VALUES ('91-281-2250', 'Sherlocke Fuzzens', '1948-06-07', '75 Dennis Pass', 'Mexico', 7, 'PAN', '2018-06-10', '2018-06-30')
INSERT INTO votante (IFE, nombre, fechaNacimiento, direccion, nacionalidad, id_mesa, id_partido, EStart, EEnd) VALUES ('89-673-2185', 'Haley Boxhall', '1946-04-04', '78 Badeau Way', 'Brazil', 3, 'PRD', '2018-06-10', '2018-06-30')
INSERT INTO votante (IFE, nombre, fechaNacimiento, direccion, nacionalidad, id_mesa, id_partido, EStart, EEnd) VALUES ('93-060-3427', 'Flinn Chester', '1940-01-29', '2878 Mitchell Avenue', 'Mexico', 5, 'PRD', '2018-06-10', '2018-06-30')
INSERT INTO votante (IFE, nombre, fechaNacimiento, direccion, nacionalidad, id_mesa, id_partido, EStart, EEnd) VALUES ('34-957-1818', 'Gaile Orsman', '1993-09-07', '74 Clarendon Point', 'Mexico', 5, 'PBD', '2018-06-10', '2018-06-30')
INSERT INTO votante (IFE, nombre, fechaNacimiento, direccion, nacionalidad, id_mesa, id_partido, EStart, EEnd) VALUES ('80-884-2832', 'Shana Snookes', '1953-06-09', '71013 Parkside Court', 'Mexico', 7, 'PAN', '2018-06-10', '2018-06-30')
INSERT INTO votante (IFE, nombre, fechaNacimiento, direccion, nacionalidad, id_mesa, id_partido, EStart, EEnd) VALUES ('61-031-1069', 'Osmund Bolley', '1952-07-15', '28861 Lakeland Lane', 'Mexico', 12, 'PRD', '2018-06-10', '2018-06-30')
INSERT INTO votante (IFE, nombre, fechaNacimiento, direccion, nacionalidad, id_mesa, id_partido, EStart, EEnd) VALUES ('88-282-8613', 'Joshua Ketchen', '1990-12-28', '264 Graceland Plaza', 'Brazil', 13, 'PBD', '2018-06-10', '2018-06-30')
INSERT INTO votante (IFE, nombre, fechaNacimiento, direccion, nacionalidad, id_mesa, id_partido, EStart, EEnd) VALUES ('86-528-1108', 'Nevile MacCague', '1950-04-16', '36868 Memorial Pass', 'Mexico', 2, 'PBD', '2018-06-10', '2018-06-30')
INSERT INTO votante (IFE, nombre, fechaNacimiento, direccion, nacionalidad, id_mesa, id_partido, EStart, EEnd) VALUES ('14-133-2464', 'Reilly McMackin', '1954-05-05', '2585 Moulton Place', 'Brazil', 13, 'PBD', '2018-06-10', '2018-06-30')
INSERT INTO votante (IFE, nombre, fechaNacimiento, direccion, nacionalidad, id_mesa, id_partido, EStart, EEnd) VALUES ('36-466-9282', 'Ewan Freeburn', '1983-04-17', '91084 Commercial Crossing', 'Mexico', 7, 'PRD', '2018-06-10', '2018-06-30')
INSERT INTO votante (IFE, nombre, fechaNacimiento, direccion, nacionalidad, id_mesa, id_partido, EStart, EEnd) VALUES ('60-310-5089', 'Berne Oury', '1971-05-05', '87 Pennsylvania Circle', 'Brazil', 13, 'PRD', '2018-06-10', '2018-06-30')
INSERT INTO votante (IFE, nombre, fechaNacimiento, direccion, nacionalidad, id_mesa, id_partido, EStart, EEnd) VALUES ('61-715-7318', 'Micky Niese', '1967-01-23', '807 Mallory Center', 'Mexico', 19, 'PRD', '2018-06-10', '2018-06-30')
INSERT INTO votante (IFE, nombre, fechaNacimiento, direccion, nacionalidad, id_mesa, id_partido, EStart, EEnd) VALUES ('23-487-3152', 'Karlik Towson', '1923-09-25', '148 Shasta Alley', 'Mexico', 16, 'PBD', '2018-06-10', '2018-06-30')
INSERT INTO votante (IFE, nombre, fechaNacimiento, direccion, nacionalidad, id_mesa, id_partido,EStart, EEnd) VALUES ('58-232-8913', 'Tanny Berthelet', '1925-09-21', '66303 Rigney Trail', 'Mexico', 15, 'PBD', '2018-06-10', '2018-06-30')
INSERT INTO votante (IFE, nombre, fechaNacimiento, direccion, nacionalidad, id_mesa, id_partido, EStart, EEnd) VALUES ('27-059-9680', 'Linnie Done', '1951-04-07', '01331 Clove Lane', 'Mexico', 2, 'PBD', '2018-06-10', '2018-06-30')
INSERT INTO votante (IFE, nombre, fechaNacimiento, direccion, nacionalidad, id_mesa, id_partido, EStart, EEnd) VALUES ('41-371-3717', 'Adriana Danielczyk', '1968-11-19', '7379 Stephen Court', 'Mexico', 5, 'PAN', '2018-06-10', '2018-06-30')
INSERT INTO votante (IFE, nombre, fechaNacimiento, direccion, nacionalidad, id_mesa, id_partido, EStart, EEnd) VALUES ('48-012-8808', 'Axel Bastone', '1926-03-29', '112 Burrows Park', 'Mexico', 7, 'PRD', '2018-06-10', '2018-06-30')
INSERT INTO votante (IFE, nombre, fechaNacimiento, direccion, nacionalidad, id_mesa, id_partido, EStart, EEnd) VALUES ('66-249-7972', 'Gail Attarge', '1926-12-11', '4 Hollow Ridge Circle', 'Mexico', 9, 'PAN', '2018-06-10', '2018-06-30')
INSERT INTO votante (IFE, nombre, fechaNacimiento, direccion, nacionalidad, id_mesa, id_partido, EStart, EEnd) VALUES ('58-897-7859', 'Jamal Melloy', '1982-10-26', '75 Jenifer Junction', 'Brazil', 13, 'PAN', '2018-06-10', '2018-06-30')
INSERT INTO votante (IFE, nombre, fechaNacimiento, direccion, nacionalidad, id_mesa, id_partido, EStart, EEnd) VALUES ('97-116-9060', 'Lyn Scarlon', '1950-07-10', '91 Continental Hill', 'Mexico', 4, 'PBD', '2018-06-10', '2018-06-30')
INSERT INTO votante (IFE, nombre, fechaNacimiento, direccion, nacionalidad, id_mesa, id_partido, EStart, EEnd) VALUES ('56-177-2565', 'Jamie Tumelty', '1974-08-17', '8167 School Alley', 'Brazil', 8, 'PRI', '2018-06-10', '2018-06-30')
INSERT INTO votante (IFE, nombre, fechaNacimiento, direccion, nacionalidad, id_mesa, id_partido, EStart, EEnd) VALUES ('84-975-4991', 'Deeanne Mulvihill', '1941-08-15', '4929 Grasskamp Drive', 'Mexico', 13, 'PBD', '2018-06-10', '2018-06-30')
INSERT INTO votante (IFE, nombre, fechaNacimiento, direccion, nacionalidad, id_mesa, id_partido, EStart, EEnd) VALUES ('69-610-2127', 'Klemens Smillie', '1927-03-09', '795 Express Place', 'Mexico', 10, 'PRI', '2018-06-10', '2018-06-30')
INSERT INTO votante (IFE, nombre, fechaNacimiento, direccion, nacionalidad, id_mesa, id_partido, EStart, EEnd) VALUES ('61-837-7752', 'Guendolen Urquhart', '1968-01-14', '40205 Reindahl Avenue', 'Brazil', 4, 'PBD', '2018-06-10', '2018-06-30')
INSERT INTO votante (IFE, nombre, fechaNacimiento, direccion, nacionalidad, id_mesa, id_partido, EStart, EEnd) VALUES ('03-915-2633', 'Prudence Baume', '1923-05-27', '38 Transport Hill', 'Mexico', 3, 'PAN', '2018-06-10', '2018-06-30')
INSERT INTO votante (IFE, nombre, fechaNacimiento, direccion, nacionalidad, id_mesa, id_partido, EStart, EEnd) VALUES ('95-718-3421', 'Aili MacEntee', '1938-02-27', '5674 Shasta Terrace', 'Mexico', 15, 'PBD', '2018-06-10', '2018-06-30')
INSERT INTO votante (IFE, nombre, fechaNacimiento, direccion, nacionalidad, id_mesa, id_partido, EStart, EEnd) VALUES ('07-938-7950', 'Hagen Tindley', '1995-03-22', '5228 Cordelia Park', 'Mexico', 5, 'PBD', '2018-06-10', '2018-06-30')
INSERT INTO votante (IFE, nombre, fechaNacimiento, direccion, nacionalidad, id_mesa, id_partido, EStart, EEnd) VALUES ('07-582-3249', 'Jared Hatfield', '1930-09-10', '28 Elgar Junction', 'Brazil', 5, 'PBD', '2018-06-10', '2018-06-30')
INSERT INTO votante (IFE, nombre, fechaNacimiento, direccion, nacionalidad, id_mesa, id_partido, EStart, EEnd) VALUES ('42-105-4467', 'Peria Letchmore', '1995-04-25', '64 Hoard Place', 'Brazil', 1, 'PRD', '2018-06-10', '2018-06-30')
INSERT INTO votante (IFE, nombre, fechaNacimiento, direccion, nacionalidad, id_mesa, id_partido, EStart, EEnd) VALUES ('82-863-8763', 'Rubia Tootell', '1949-09-16', '7620 Utah Circle', 'Mexico', 16, 'PBD', '2018-06-10', '2018-06-30')
INSERT INTO votante (IFE, nombre, fechaNacimiento, direccion, nacionalidad, id_mesa, id_partido, EStart, EEnd) VALUES ('21-575-3081', 'Elana Suddaby', '1990-01-31', '121 Warner Place', 'Mexico', 19, 'PRI', '2018-06-10', '2018-06-30')
INSERT INTO votante (IFE, nombre, fechaNacimiento, direccion, nacionalidad, id_mesa, id_partido, EStart, EEnd) VALUES ('65-592-7977', 'Kris Ferres', '1974-02-17', '02 Loeprich Plaza', 'Mexico', 3, 'PBD', '2018-06-10', '2018-06-30')
INSERT INTO votante (IFE, nombre, fechaNacimiento, direccion, nacionalidad, id_mesa, id_partido, EStart, EEnd) VALUES ('11-251-7267', 'Grant Tembridge', '1937-05-07', '1 Sherman Point', 'Mexico', 10, 'PAN', '2018-06-10', '2018-06-30')
INSERT INTO votante (IFE, nombre, fechaNacimiento, direccion, nacionalidad, id_mesa, id_partido, EStart, EEnd) VALUES ('91-647-2666', 'Arlette Storah', '1980-10-11', '392 Artisan Circle', 'Mexico', 18, 'PRI', '2018-06-10', '2018-06-30')
INSERT INTO votante (IFE, nombre, fechaNacimiento, direccion, nacionalidad, id_mesa, id_partido, EStart, EEnd) VALUES ('60-534-9887', 'Danyette Manderson', '1922-12-16', '5 Schiller Park', 'Mexico', 5, 'PBD', '2018-06-10', '2018-06-30')
INSERT INTO votante (IFE, nombre, fechaNacimiento, direccion, nacionalidad, id_mesa, id_partido, EStart, EEnd) VALUES ('66-516-7349', 'Seka Corbridge', '1987-07-11', '4776 Westport Place', 'Brazil', 14, 'PAN', '2018-06-10', '2018-06-30')
INSERT INTO votante (IFE, nombre, fechaNacimiento, direccion, nacionalidad, id_mesa, id_partido, EStart, EEnd) VALUES ('89-722-1479', 'Roseann Stritton', '1949-09-20', '3318 Westridge Junction', 'Mexico', 1, 'PRD', '2018-06-10', '2018-06-30')
INSERT INTO votante (IFE, nombre, fechaNacimiento, direccion, nacionalidad, id_mesa, id_partido, EStart, EEnd) VALUES ('74-019-2657', 'Bella Warriner', '1995-09-05', '8 Montana Place', 'Brazil', 10, 'PBD', '2018-06-10', '2018-06-30')
INSERT INTO votante (IFE, nombre, fechaNacimiento, direccion, nacionalidad, id_mesa, id_partido, EStart, EEnd) VALUES ('39-778-7943', 'Georgeanna Clemo', '1952-02-20', '92136 Oak Road', 'Mexico', 15, 'PRI', '2018-06-10', '2018-06-30')
INSERT INTO votante (IFE, nombre, fechaNacimiento, direccion, nacionalidad, id_mesa, id_partido, EStart, EEnd) VALUES ('31-821-2322', 'Lisette Buffy', '1952-10-14', '61810 Northfield Pass', 'Mexico', 14, 'PRD', '2018-06-10', '2018-06-30')
INSERT INTO votante (IFE, nombre, fechaNacimiento, direccion, nacionalidad, id_mesa, id_partido, EStart, EEnd) VALUES ('81-219-5276', 'Melvin Warder', '1997-12-16', '2 Pleasure Alley', 'Brazil', 7, 'PRD', '2018-06-10', '2018-06-30')
INSERT INTO votante (IFE, nombre, fechaNacimiento, direccion, nacionalidad, id_mesa, id_partido, EStart, EEnd) VALUES ('00-549-8944', 'Pinchas Hawke', '1981-12-28', '3 Anthes Terrace', 'Mexico', 10, 'PBD', '2018-06-10', '2018-06-30')
INSERT INTO votante (IFE, nombre, fechaNacimiento, direccion, nacionalidad, id_mesa, id_partido, EStart, EEnd) VALUES ('49-803-3579', 'Jedidiah Lillow', '1920-02-20', '33412 Nelson Trail', 'Mexico', 2, 'PAN', '2018-06-10', '2018-06-30')
INSERT INTO votante (IFE, nombre, fechaNacimiento, direccion, nacionalidad, id_mesa, id_partido, EStart, EEnd) VALUES ('27-101-5708', 'Tommie Raven', '1972-05-07', '5452 Northport Junction', 'Mexico', 19, 'PRI', '2018-06-10', '2018-06-30')
INSERT INTO votante (IFE, nombre, fechaNacimiento, direccion, nacionalidad, id_mesa, id_partido, EStart, EEnd) VALUES ('18-060-9571', 'Rory Winteringham', '1927-03-28', '5649 Stoughton Alley', 'Mexico', 10, 'PRI', '2018-06-10', '2018-06-30')
INSERT INTO votante (IFE, nombre, fechaNacimiento, direccion, nacionalidad, id_mesa, id_partido, EStart, EEnd) VALUES ('65-569-3273', 'Parke Daveren', '1940-10-12', '2 Fuller Center', 'Mexico', 12, 'PBD', '2018-06-10', '2018-06-30')
INSERT INTO votante (IFE, nombre, fechaNacimiento, direccion, nacionalidad, id_mesa, id_partido, EStart, EEnd) VALUES ('44-747-9219', 'Sabra Abrahamowitcz', '1970-04-08', '60211 Twin Pines Hill', 'Brazil', 2, 'PBD', '2018-06-10', '2018-06-30')
INSERT INTO votante (IFE, nombre, fechaNacimiento, direccion, nacionalidad, id_mesa, id_partido, EStart, EEnd) VALUES ('24-771-5332', 'Roberta Haw', '1998-01-08', '43 Golf View Lane', 'Mexico', 18, 'PRD', '2018-06-10', '2018-06-30')
INSERT INTO votante (IFE, nombre, fechaNacimiento, direccion, nacionalidad, id_mesa, id_partido, EStart, EEnd) VALUES ('52-736-7525', 'Jeddy Silbermann', '1959-07-08', '15 Grayhawk Lane', 'Mexico', 1, 'PBD', '2018-06-10', '2018-06-30')
INSERT INTO votante (IFE, nombre, fechaNacimiento, direccion, nacionalidad, id_mesa, id_partido, EStart, EEnd) VALUES ('37-241-7198', 'Tanya Haggish', '1994-12-26', '10080 Pleasure Pass', 'Mexico', 9, 'PRD', '2018-06-10', '2018-06-30')
INSERT INTO votante (IFE, nombre, fechaNacimiento, direccion, nacionalidad, id_mesa, id_partido, EStart, EEnd) VALUES ('66-529-5496', 'Nicol Karczinski', '1998-04-28', '4 Starling Circle', 'Mexico', 7, 'PBD', '2018-06-10', '2018-06-30')
INSERT INTO votante (IFE, nombre, fechaNacimiento, direccion, nacionalidad, id_mesa, id_partido, EStart, EEnd) VALUES ('67-151-1843', 'Ulrica Espley', '1928-08-24', '897 Longview Terrace', 'Brazil', 3, 'PBD', '2018-06-10', '2018-06-30')
INSERT INTO votante (IFE, nombre, fechaNacimiento, direccion, nacionalidad, id_mesa, id_partido, EStart, EEnd) VALUES ('72-102-8163', 'Gustave Keling', '1951-03-13', '11032 Bultman Pass', 'Mexico', 14, 'PAN', '2018-06-10', '2018-06-30')
INSERT INTO votante (IFE, nombre, fechaNacimiento, direccion, nacionalidad, id_mesa, id_partido, EStart, EEnd) VALUES ('99-049-7060', 'Thorsten Gleadle', '1964-09-12', '7943 Melody Street', 'Mexico', 13, 'PRD', '2018-06-10', '2018-06-30')
INSERT INTO votante (IFE, nombre, fechaNacimiento, direccion, nacionalidad, id_mesa, id_partido, EStart, EEnd) VALUES ('92-219-8068', 'Brockie Fidgeon', '1937-02-10', '258 Lake View Avenue', 'Brazil', 7, 'PAN', '2018-06-10', '2018-06-30')
INSERT INTO votante (IFE, nombre, fechaNacimiento, direccion, nacionalidad, id_mesa, id_partido, EStart, EEnd) VALUES ('45-583-2489', 'Gwendolyn Plesing', '1996-10-06', '9156 Everett Road', 'Mexico', 10, 'PBD', '2018-06-10', '2018-06-30')
INSERT INTO votante (IFE, nombre, fechaNacimiento, direccion, nacionalidad, id_mesa, id_partido, EStart, EEnd) VALUES ('29-130-5617', 'Dani Wearn', '1983-08-08', '0 Debra Alley', 'Mexico', 12, 'PRD', '2018-06-10', '2018-06-30')
INSERT INTO votante (IFE, nombre, fechaNacimiento, direccion, nacionalidad, id_mesa, id_partido, EStart, EEnd) VALUES ('12-127-1951', 'Dwight Haking', '1961-10-02', '98 Pennsylvania Junction', 'Brazil', 4, 'PAN', '2018-06-10', '2018-06-30')
INSERT INTO votante (IFE, nombre, fechaNacimiento, direccion, nacionalidad, id_mesa, id_partido, EStart, EEnd) VALUES ('80-364-8995', 'Ronalda Gotliffe', '1954-04-20', '872 Summerview Way', 'Brazil', 1, 'PBD', '2018-06-10', '2018-06-30')
INSERT INTO votante (IFE, nombre, fechaNacimiento, direccion, nacionalidad, id_mesa, id_partido, EStart, EEnd) VALUES ('73-556-1055', 'Kitti Burgyn', '1988-07-27', '22317 Brickson Park Court', 'Mexico', 1, 'PBD', '2018-06-10', '2018-06-30')
INSERT INTO votante (IFE, nombre, fechaNacimiento, direccion, nacionalidad, id_mesa, id_partido, EStart, EEnd) VALUES ('37-733-5485', 'Chrisse Stopps', '1934-08-11', '597 Hovde Parkway', 'Mexico', 2, 'PAN', '2018-06-10', '2018-06-30')
INSERT INTO votante (IFE, nombre, fechaNacimiento, direccion, nacionalidad, id_mesa, id_partido, EStart, EEnd) VALUES ('73-285-7583', 'Merle Golbourn', '1944-02-28', '272 Ludington Drive', 'Mexico', 5, 'PBD', '2018-06-10', '2018-06-30')
INSERT INTO votante (IFE, nombre, fechaNacimiento, direccion, nacionalidad, id_mesa, id_partido, EStart, EEnd) VALUES ('20-015-7177', 'Keary Pellington', '1949-11-06', '654 Vidon Road', 'Mexico', 2, 'PBD', '2018-06-10', '2018-06-30')
INSERT INTO votante (IFE, nombre, fechaNacimiento, direccion, nacionalidad, id_mesa, id_partido, EStart, EEnd) VALUES ('37-522-5459', 'Rosalie Gagen', '1926-07-20', '3311 Elgar Street', 'Brazil', 4, 'PBD', '2018-06-10', '2018-06-30')
INSERT INTO votante (IFE, nombre, fechaNacimiento, direccion, nacionalidad, id_mesa, id_partido, EStart, EEnd) VALUES ('66-210-5535', 'Howey Remer', '1938-02-14', '59109 Blaine Road', 'Mexico', 10, 'PBD', '2018-06-10', '2018-06-30')
INSERT INTO votante (IFE, nombre, fechaNacimiento, direccion, nacionalidad, id_mesa, id_partido, EStart, EEnd) VALUES ('06-901-8903', 'Philis Lowy', '1964-02-04', '148 Debra Point', 'Mexico', 20, 'PAN', '2018-06-10', '2018-06-30')
INSERT INTO votante (IFE, nombre, fechaNacimiento, direccion, nacionalidad, id_mesa, id_partido, EStart, EEnd) VALUES ('12-945-5099', 'Sharai Cullivan', '1993-05-18', '3606 Sauthoff Pass', 'Mexico', 5, 'PBD', '2018-06-10', '2018-06-30')

SELECT * FROM votante

-- Apoderados
INSERT INTO apoderados(id_apoderado, nombre, id_partido,EStart, EEnd) VALUES(1, 'Alejandra Tubilla','PAN', '2018-06-10', '2018-06-30')
INSERT INTO apoderados(id_apoderado, nombre, id_partido, EStart, EEnd) VALUES(2, 'Joan Andoni','PAN', '2018-06-10', '2018-06-30')
INSERT INTO apoderados(id_apoderado, nombre, id_partido, EStart, EEnd) VALUES(3, 'Maria Perez','PAN', '2018-06-10', '2018-06-30')
INSERT INTO apoderados(id_apoderado, nombre, id_partido, EStart, EEnd) VALUES(4, 'Juan Sanchez','PRI', '2018-06-10', '2018-06-30')
INSERT INTO apoderados(id_apoderado, nombre, id_partido, EStart, EEnd) VALUES(5, 'Paulina Gonzalez','PRI', '2018-06-10', '2018-06-30')
INSERT INTO apoderados(id_apoderado, nombre, id_partido, EStart, EEnd) VALUES(6, 'Pepe Flores','PRI', '2018-06-10', '2018-06-30')
INSERT INTO apoderados(id_apoderado, nombre, id_partido, EStart, EEnd) VALUES(7, 'Enrique Lira','PRD', '2018-06-10', '2018-06-30')
INSERT INTO apoderados(id_apoderado, nombre, id_partido, EStart, EEnd) VALUES(8, 'Daniela Flores','PRD', '2018-06-10', '2018-06-30')
INSERT INTO apoderados(id_apoderado, nombre, id_partido, EStart, EEnd) VALUES(9, 'Emiliano Abascal','PRD', '2018-06-10', '2018-06-30')
INSERT INTO apoderados(id_apoderado, nombre, id_partido, EStart, EEnd) VALUES(10, 'Horacio Rojas','PPT', '2018-06-10', '2018-06-30')
INSERT INTO apoderados(id_apoderado, nombre, id_partido, EStart, EEnd) VALUES(11, 'Arturo Burela','PPT', '2018-06-10', '2018-06-30')
INSERT INTO apoderados(id_apoderado, nombre, id_partido, EStart, EEnd) VALUES(12, 'Fernando Alcantara','PPT', '2018-06-10', '2018-06-30')
INSERT INTO apoderados(id_apoderado, nombre, id_partido, EStart, EEnd) VALUES(13, 'Aaron Zajac','PBD', '2018-06-10', '2018-06-30')
INSERT INTO apoderados(id_apoderado, nombre, id_partido, EStart, EEnd) VALUES(14, 'Anthony Morales','PBD', '2018-06-10', '2018-06-30')
INSERT INTO apoderados(id_apoderado, nombre, id_partido, EStart, EEnd) VALUES(15, 'Esmeralda Magdaleno','PBD', '2018-06-10', '2018-06-30')

SELECT * FROM apoderados
